k,normal_err,anomaly_err,auroc,auroc_class2,auroc_class3,auroc_class4,auroc_class5
1,0.14403808,0.88545185,0.9816239341996902,0.983986799676574,0.9807226339794755,0.9683198344872985,0.9188046370201445
2,0.096404,0.79232293,0.9920752291597377,0.9939502819652581,0.9909373812238692,0.9833723212921275,0.9289243633599392
5,0.045027677,0.4329248,0.9865558890038942,0.988671701322678,0.9880629988597492,0.9735332494798341,0.9300171037628276
10,0.016704036,0.119513124,0.9755418657265579,0.9770743111871709,0.9696170657544659,0.9712762580963689,0.9208950969213225
20,0.007682275,0.04440109,0.971068531761274,0.9737497088069053,0.9491875712656785,0.9659570466327334,0.9025085518814139
30,0.005477218,0.017427986,0.9405935331722042,0.9436908377907657,0.9060362029646521,0.9350997425619203,0.8951919422272899
50,0.0035546215,0.0057867896,0.834715679736904,0.835876150817696,0.7683865450399088,0.8530722119691074,0.8662105663245914
80,0.0016871227,0.0016866368,0.6019834118431571,0.5929769065323404,0.5702323261117446,0.675645652352796,0.7966552641581148
100,0.0008590858,0.000705963,0.427623111202677,0.40561826827708547,0.5121983086278981,0.5431061843914939,0.7759407069555303
120,0.0002832368,0.00019236922,0.2769171255158115,0.2482707485969494,0.470092170277461,0.391717311829221,0.6853382744203724
